BARCODE_ID,BARCODE,ID
index_8nt_2,aacgccaa,PH_KC_6
index_10nt_2,ccagaaccaa,PH_KC_1
index_8nt_3,cggtccaa,PH_PC_5
index_9nt_3,aggtaccaa,PH_BC_10
index_10nt_3,aggtaaccaa,PH_PC_9
index_8nt_4,ctcagcaa,PH_FV_12
index_9nt_4,tgaagccaa,PH_AS_3
index_8nt_5,agacgcaa,PH_PC_3
index_9nt_5,aaccgccaa,PH_AS_8
index_10nt_5,tcgcgaccaa,PH_FV_7
index_8nt_6,tctggcaa,PH_FV_2
index_9nt_6,gttggccaa,PH_KC_5
index_10nt_6,atcggaccaa,PH_FV_8
index_8nt_7,tagatcaa,PH_KC_10
index_9nt_7,ctgatccaa,PH_PC_11
index_10nt_7,cattgaccaa,PH_PC_6
index_8nt_8,gttctcaa,PH_FV_11
index_9nt_8,tctctccaa,PH_AS_10
index_10nt_8,ctgataccaa,PH_TB_6
index_9nt_9,aataagcaa,PH_AS_12
index_10nt_9,accaagccaa,PH_SH_1
index_8nt_10,cagcagaa,PH_AS_11
index_9nt_10,cgccagcaa,PH_AS_5
index_10nt_10,cgtcagccaa,PH_OF_7
index_8nt_11,tgagagaa,PH_OF_12
index_9nt_11,tcggagcaa,PH_BB_9
index_10nt_11,taggagccaa,PH_BA_4
index_8nt_12,gtctcgaa,PH_FV_6
index_9nt_12,gtatagcaa,PH_BA_12
index_10nt_12,gtatagccaa,PH_BB_7
index_8nt_13,ggtaggaa,PH_BB_10
index_9nt_13,ccaacgcaa,PH_AS_2
index_10nt_13,gatacgccaa,PH_OF_10
index_8nt_14,ccatggaa,PH_BB_8
index_9nt_14,gagccgcaa,PH_BB_2
index_10nt_16,tcttatccaa,PH_AS_1
index_8nt_15,ggccataa,PH_AS_4
index_9nt_15,atcgcgcaa,PH_FC_10
index_10nt_17,ttaactccaa,PH_PC_10
index_8nt_16,atggataa,PH_OF_11
index_9nt_16,tacttgcaa,PH_BB_1
index_10nt_18,gccgctccaa,PH_BB_6
index_8nt_17,catactaa,PH_TB_12
index_9nt_17,ccttatcaa,PH_AS_7
index_10nt_23,tgcgaagcaa,PH_PM_7
index_8nt_18,ttacctaa,PH_KC_11
index_9nt_18,ggtactcaa,PH_AS_9
index_10nt_24,taaccagcaa,PH_FV_1
index_8nt_19,gaaggtaa,PH_PC_2
index_9nt_19,ttacctcaa,PH_BC_4
index_10nt_25,cttgcagcaa,PH_KC_7
index_9nt_20,acgagtcaa,PH_BA_10
index_10nt_31,agaaccgcaa,PH_SH_2
index_8nt_21,gtcgacca,PH_PC_8
index_9nt_21,gcagttcaa,PH_FV_9
index_10nt_37,agcctggcaa,PH_BC_6
index_8nt_22,aattacca,PH_PM_4
index_10nt_38,ggtaatgcaa,PH_OF_6
index_8nt_23,ataatcca,PH_ML_11
index_9nt_23,tgagaagaa,PH_FV_5
index_10nt_41,ggtccatcaa,PH_KC_4
index_8nt_24,cgcctcca,PH_PC_7
index_9nt_24,aggccagaa,PH_CR_4
index_10nt_43,tccatatcaa,PH_BC_1
index_8nt_25,cgaacgca,PH_BA_2
index_9nt_25,catgcagaa,PH_MC_6
index_10nt_47,ttacgctcaa,PH_BB_5
index_8nt_26,acgccgca,PH_PM_10
index_9nt_26,gcatcagaa,PH_BC_9
index_8nt_27,gatgcgca,PH_KC_2
index_9nt_27,ataagagaa,PH_BA_5
index_10nt_56,gacgcaagaa,PH_KC_9
index_8nt_28,gtacggca,PH_BB_3
index_9nt_28,cgctgagaa,PH_PC_4
index_10nt_57,ccgtcaagaa,PH_WH_5
index_8nt_29,cttcatca,PH_PM_11
index_9nt_29,tccatagaa,PH_CR_3
index_10nt_58,tcaagaagaa,PH_BA_6
index_8nt_30,gcatatca,PH_KC_3
index_9nt_30,tagaacgaa,PH_PM_6
index_10nt_59,ctccgaagaa,PH_AS_6
index_8nt_31,tccgctca,PH_PM_9
index_9nt_31,actgacgaa,PH_CR_11
index_10nt_60,ggttgaagaa,PH_WF_11
index_8nt_32,agcagtca,PH_WC_5
index_9nt_32,ggcgccgaa,PH_FV_3
index_10nt_62,ttggtaagaa,PH_OF_4
index_8nt_33,gagcttca,PH_BC_7
index_9nt_33,ccgcgcgaa,PH_KC_8
index_10nt_63,tggaccagaa,PH_SH_10
index_8nt_34,gcgcaaga,PH_GB_2
index_9nt_34,ttattcgaa,PH_FV_10
index_10nt_104,tcctcttgaa,PH_FC_6
index_9nt_35,ggaatggaa,PH_WC_8
index_10nt_114,tctcgcataa,PH_PC_12
index_8nt_36,agctaaga,PH_WH_4
index_9nt_36,attctggaa,PH_TB_2
index_10nt_130,aagttgctaa,PH_SH_3
index_8nt_37,aatccaga,PH_BC_2
index_9nt_37,agcaatgaa,PH_PM_2
index_10nt_138,atagtcgtaa,PH_CR_7
index_8nt_38,cctagaga,PH_BB_4
index_9nt_38,ctggatgaa,PH_CR_10
index_10nt_143,tgcaacttaa,PH_SH_5
index_8nt_39,ggaataga,PH_MC_12
index_9nt_39,caacttgaa,PH_PM_1
index_10nt_148,aagccaacca,PH_BC_5
index_8nt_40,ttcgtaga,PH_WF_9
index_9nt_40,cttcaataa,PH_PM_3
index_8nt_41,cttgccga,PH_PM_12
index_9nt_41,aaggaataa,PH_PR_1
index_10nt_150,cgctcaacca,PH_ML_8
index_8nt_42,gaccgcga,PH_PM_8
index_9nt_42,ttctcataa,PH_CR_2
index_10nt_151,ataagaacca,PH_CR_12
index_8nt_43,acgttcga,PH_WC_3
index_9nt_43,gatagataa,PH_FC_11
index_10nt_152,cctcgaacca,PH_PR_12
index_8nt_44,tataagga,PH_PR_8
index_9nt_44,ccaggataa,PH_BA_1
index_10nt_153,gtcctaacca,PH_PM_5
index_8nt_45,ctgatgga,PH_OF_3
index_9nt_45,gcgctataa,PH_WC_10
index_10nt_155,ctgcagacca,PH_MC_7
index_8nt_46,tggactga,PH_MC_11
index_9nt_46,agattataa,PH_SB_9
index_10nt_162,cttattacca,PH_WC_7
index_8nt_47,actgaata,PH_SH_6
index_9nt_47,gtaacctaa,PH_CA_12
index_10nt_164,accgttacca,PH_MC_10
index_8nt_48,tagtaata,PH_CA_3
index_9nt_48,cagtcctaa,PH_WH_6
index_10nt_165,cagagagcca,PH_WH_1
index_8nt_49,gtagcata,PH_WF_4
index_9nt_49,acctagtaa,PH_BC_3
index_10nt_167,cattacgcca,PH_TB_9
index_8nt_50,atccgata,PH_WC_2
index_9nt_50,tggacgtaa,PH_PT_9
index_10nt_173,ctatcggcca,PH_MC_5
index_8nt_51,gccttata,PH_PR_3
index_9nt_51,gctgcgtaa,PH_FV_4
index_10nt_176,tgagctgcca,PH_WC_1
index_8nt_52,tgctgcta,PH_TB_8
index_9nt_52,ctcaggtaa,PH_WF_10
index_10nt_185,acctcgtcca,PH_WC_11
index_8nt_53,ccagtcta,PH_DA_5
index_9nt_53,taacggtaa,PH_SL_6
index_10nt_188,cgaggaagca,PH_BA_7
index_8nt_54,atatagta,PH_WH_7
index_9nt_54,aatccttaa,PH_SL_9
index_8nt_55,aagaggta,PH_MC_8
index_10nt_191,aggcgcagca,PH_WC_6
index_8nt_56,ttcaatta,PH_PR_6
index_10nt_192,catctcagca,PH_SC_1
index_8nt_57,ccgcgtta,PH_GB_11
index_9nt_57,ggttaacca,PH_CR_6
index_10nt_195,aattggagca,PH_ML_1
index_8nt_58,cctccaac,PH_SC_2
index_9nt_58,gtcagacca,PH_SC_3
index_10nt_200,caggaacgca,PH_BA_11
index_8nt_59,ttgcgaac,PH_WH_2
index_9nt_59,agacgacca,PH_WH_9
index_10nt_211,aactctcgca,PH_FC_12
index_9nt_60,cctatacca,PH_BA_3
index_10nt_213,aatgcaggca,PH_SL_8
index_8nt_61,acctgaac,PH_ML_4
index_9nt_61,cttgagcca,PH_MC_2
index_10nt_215,ttggacggca,PH_SB_2
index_8nt_62,aatataac,PH_SH_7
index_9nt_62,actccgcca,PH_BA_9
index_10nt_218,ttaattggca,PH_ML_3
index_8nt_63,gcggtaac,PH_WC_4
index_9nt_63,ggagcgcca,PH_OF_5
index_10nt_221,cataattgca,PH_FC_2
index_8nt_64,cttaagac,PH_FC_4
index_9nt_64,cggaggcca,PH_FC_9
index_10nt_222,agaacttgca,PH_TB_4
index_8nt_65,gacgagac,PH_CR_8
index_9nt_65,ataatgcca,PH_SL_10
index_10nt_225,caattaatca,PH_TB_1
index_8nt_66,aggacgac,PH_PR_10
index_9nt_66,gcgttgcca,PH_SC_10
index_10nt_227,ttatgcatca,PH_CA_10
index_8nt_67,tattggac,PH_ML_10
index_9nt_67,tagactcca,PH_CR_9
index_10nt_231,tattctatca,PH_WF_8
index_8nt_68,cgcttgac,PH_WC_9
index_9nt_68,gatcgtcca,PH_TB_7
index_10nt_239,gcttgcctca,PH_WF_1
index_8nt_69,taggctac,PH_SC_7
index_9nt_69,ctccttcca,PH_PR_5
index_10nt_243,agcatgctca,PH_CA_8
index_8nt_70,gtcattac,PH_WH_10
index_10nt_244,actaatctca,PH_SL_11
index_8nt_71,caacttac,PH_CR_1
index_9nt_71,aactcagca,PH_CA_7
index_10nt_249,attcgcgtca,PH_GB_1
index_8nt_72,gatcaacc,PH_BC_8
index_9nt_72,gaaggagca,PH_BC_12
index_10nt_251,tccaaggtca,PH_WH_11
index_8nt_73,gcaagacc,PH_GB_10
index_9nt_73,atggtagca,PH_WF_6
index_10nt_253,catatggtca,PH_DA_7
index_8nt_74,agccagcc,PH_CA_1
index_9nt_74,cgtaacgca,PH_SL_12
index_10nt_256,ggcgtattca,PH_SB_6
index_8nt_75,ccagagcc,PH_GB_5
index_9nt_75,gtctacgca,PH_SB_10
index_10nt_260,cgaaccaaga,PH_FC_8
index_8nt_76,ttatcgcc,PH_WF_3
index_9nt_76,acgaccgca,PH_WH_3
index_8nt_77,tcgatgcc,PH_MC_1
index_9nt_77,agcctcgca,PH_GB_6
index_10nt_262,acgtccaaga,PH_SL_1
index_8nt_78,cagtatcc,PH_WF_2
index_9nt_78,ccagtcgca,PH_PC_1
index_8nt_79,actactcc,PH_TB_3
index_9nt_79,tggcaggca,PH_SL_2
index_10nt_264,atactcaaga,PH_ML_12
index_8nt_80,ggacctcc,PH_BC_11
index_9nt_80,gatacggca,PH_GB_8
index_10nt_265,cagaagaaga,PH_SC_11
index_8nt_81,ctcggtcc,PH_CR_5
index_9nt_81,tccgctgca,PH_SB_1
index_10nt_274,aggattaaga,PH_PR_2
index_8nt_82,ggcgcagc,PH_GB_12
index_9nt_82,cggtctgca,PH_PR_4
index_10nt_290,agataagaga,PH_PC_3
index_8nt_83,ccattagc,PH_ML_5
index_9nt_83,cgcgcatca,PH_FC_1
index_10nt_302,tatacggaga,PH_SB_4
index_8nt_84,cgcaacgc,PH_SB_7
index_9nt_84,ttgcgatca,PH_WH_8
index_10nt_306,cgcgaataga,PH_DA_6
index_8nt_85,atagacgc,PH_SC_12
index_9nt_85,acttgatca,PH_SC_8
index_10nt_312,ttcagctaga,PH_SC_9
index_8nt_86,gcttacgc,PH_CA_2
index_9nt_86,agagactca,PH_WF_12
index_10nt_320,tcaacgacga,PH_WF_5
index_8nt_87,gagaccgc,PH_ML_2
index_9nt_87,gccggctca,PH_SL_4
index_10nt_336,ctctgatcga,PH_TB_10
index_8nt_88,gttccggc,PH_PT_12
index_9nt_88,ctatgctca,PH_PR_11
index_10nt_340,attggaagga,PH_CA_4
index_8nt_89,aactcggc,PH_CA_6
index_9nt_89,gagatctca,PH_MC_9
index_10nt_345,caggttagga,PH_GB_9
index_8nt_90,ctaactgc,PH_WH_12
index_9nt_90,ggcaagtca,PH_SL_7
index_8nt_91,atgcttgc,PH_ML_6
index_9nt_91,ccgaattca,PH_PT_2
index_10nt_355,atatgctgga,PH_SL_3
index_8nt_92,cggcaatc,PH_DA_8
index_9nt_92,gaatattca,PH_SB_3
index_10nt_356,ggaatctgga,PH_DA_2
index_9nt_104,acgaagaga,AT_JC_01
index_10nt_423,ctaaggccta,AT_JC_09
index_9nt_105,ggtcagaga,AT_PT_02
index_10nt_426,cctatagcta,AT_PT_10
index_8nt_106,aaccggag,AT_MD_03
index_9nt_106,caatggaga,AT_MD_11
index_10nt_429,caaggatcta,AT_DH_04
index_8nt_107,cgatatag,AT_DH_12
index_9nt_107,taagataga,AT_BV_05
index_10nt_431,cgcctatcta,AT_BV_13
index_8nt_108,actcttag,AT_HO_06
index_9nt_108,acttctaga,AT_HO_14
index_10nt_432,tcctactcta,AT_JC_02
index_8nt_109,cggagacg,AT_JC_10
index_9nt_109,agacttaga,AT_PT_03
index_10nt_433,ttggtctcta,AT_PT_11
index_8nt_110,gtctgacg,AT_MD_04
index_9nt_110,aggatacga,AT_MD_12
index_10nt_435,agaccgtcta,AT_DH_05
index_8nt_111,accatacg,AT_DH_13
index_9nt_111,taactacga,AT_BV_06
index_10nt_440,agcgatagta,AT_BV_14
index_8nt_112,gaagtacg,AT_HO_07
index_9nt_112,tattaccga,AT_HO_15
index_10nt_441,ctacttagta,AT_JC_03
index_8nt_113,ggtaaccg,AT_JC_11
index_9nt_113,cgcgtccga,AT_PT_04
index_10nt_446,taagccggta,AT_PT_12
index_8nt_114,ctggtccg,AT_MD_05
index_9nt_114,gacgagcga,AT_MD_13
index_10nt_447,gtcgctggta,AT_DH_06
index_8nt_115,atgaagcg,AT_DH_14
index_9nt_115,cgttcgcga,AT_BV_07
index_10nt_448,tggtctggta,AT_BV_15
index_8nt_116,agttcgcg,AT_HO_08
index_9nt_116,tctaggcga,AT_SC_01
index_10nt_449,cgcattggta,AT_JC_04
index_8nt_117,catatgcg,AT_JC_12
index_9nt_117,atgcggcga,AT_PT_05
index_10nt_451,tccgcgatta,AT_PT_13
index_8nt_118,gttgaagg,AT_MD_06
index_9nt_118,atctatcga,AT_MD_14
index_10nt_453,tgccgactta,AT_DH_07
index_8nt_119,tcctcagg,AT_DH_15
index_9nt_119,ctaagtcga,AT_BV_08
index_10nt_456,gttgcgctta,AT_HO_01
index_8nt_120,cgtctagg,AT_HO_09
index_9nt_120,gttgaagga,AT_SC_02
index_10nt_457,cctcggctta,AT_JC_05
index_8nt_121,agaaccgg,AT_JC_13
index_9nt_121,cagagagga,AT_PT_06
index_10nt_458,tcattgctta,AT_PT_14
index_8nt_122,aatggcgg,AT_MD_07
index_9nt_122,cgtctagga,AT_MD_15
index_10nt_459,ggacctctta,AT_DH_08
index_8nt_123,gtattcgg,AT_BV_01
index_9nt_123,tacggcgga,AT_BV_09
index_10nt_460,acgtctctta,AT_HO_02
index_8nt_124,cagcctgg,AT_HO_10
index_9nt_124,agatgcgga,AT_SC_03
index_10nt_461,ggagaagtta,AT_JC_06
index_8nt_125,atcgctgg,AT_JC_14
index_9nt_125,gctatcgga,AT_PT_07
index_10nt_462,ctaaccgtta,AT_PT_15
index_8nt_126,tgagttgg,AT_MD_08
index_10nt_464,ttcttcgtta,AT_DH_01
index_8nt_127,taaccatg,AT_DH_09
index_9nt_127,agccaatga,AT_BV_02
index_10nt_465,actacggtta,AT_BV_10
index_8nt_128,acctactg,AT_HO_03
index_9nt_128,tcataatga,AT_HO_11
index_10nt_466,gaactggtta,AT_SC_04
index_9nt_129,ttcaactga,AT_JC_07
index_10nt_467,ttcaaccaac,AT_JC_15
index_8nt_130,gttacttg,AT_PT_08
index_9nt_130,atgacttga,AT_MD_01
index_10nt_468,aaggaccaac,AT_MD_09
index_8nt_131,agcgtaat,AT_DH_02
index_9nt_131,cggcgttga,AT_DH_10
index_10nt_469,ggaggccaac,AT_BV_03
index_8nt_132,cagttaat,AT_BV_11
index_9nt_132,gaaccaata,AT_HO_04
index_10nt_472,gtctcgcaac,AT_HO_12
index_8nt_133,acttccat,AT_SC_05
index_9nt_133,agcagaata,AT_JC_08
index_10nt_473,ctacggcaac,AT_PT_01
index_8nt_134,gcgcggat,AT_PT_09
index_9nt_134,tggctaata,AT_MD_02
index_8nt_135,cgtcgtat,AT_MD_10
index_9nt_135,ccattaata,AT_DH_03
index_10nt_482,agccaagaac,AT_DH_11
index_8nt_136,acgtaact,AT_BV_04
index_9nt_136,ttgaccata,AT_BV_12
index_10nt_484,ttggcagaac,AT_HO_05
index_8nt_137,gttatact,AT_HO_13
index_9nt_137,aatgccata,AT_SC_06
index_8nt_138,ctctagct,AT_SC_07
index_9nt_138,ggaggcata,AT_SC_15
index_10nt_496,aagccataac,AT_GB_08
index_8nt_139,tggcatct,AT_VM_01
index_9nt_139,aaccagata,AT_VM_09
index_10nt_499,actaactaac,AT_DC_02
index_8nt_140,gaatgagt,AT_DC_10
index_9nt_140,cttccgata,AT_FR_03
index_10nt_501,tagagctaac,AT_FR_11
index_8nt_141,gccgtcgt,AT_AS_04
index_9nt_141,tcagcgata,AT_AS_12
index_10nt_506,gtatcaagac,AT_SS_05
index_8nt_142,ccggcggt,AT_SC_08
index_9nt_142,aggtcgata,AT_GB_01
index_10nt_509,attagcagac,AT_GB_09
index_8nt_143,actatggt,AT_VM_02
index_9nt_143,gcgcggata,AT_VM_10
index_10nt_512,cgtcggagac,AT_DC_03
index_8nt_144,agaagatt,AT_DC_11
index_9nt_144,gtcttgata,AT_FR_04
index_10nt_524,tactatcgac,AT_FR_12
index_9nt_145,gataatata,AT_AS_05
index_10nt_532,tccgttggac,AT_AS_13
index_8nt_146,ggatcctt,AT_SS_06
index_9nt_146,tcgtatata,AT_SC_09
index_10nt_538,aacctctgac,AT_GB_02
index_8nt_147,caacgctt,AT_GB_10
index_9nt_147,ctcggtata,AT_VM_03
index_10nt_565,ttaatggtac,AT_VM_11
index_8nt_148,ggtcagtt,AT_DC_04
index_9nt_148,ttatgacta,AT_DC_12
index_10nt_566,ttcggattac,AT_FR_05
index_8nt_149,attgcgtt,AT_FR_13
index_9nt_149,gttctacta,AT_AS_06
index_10nt_567,taagacttac,AT_AS_14
index_9nt_150,catagccta,AT_SS_07
index_10nt_568,agttagttac,AT_SC_10
index_9nt_151,gaattccta,AT_GB_03
index_10nt_570,atatccaacc,AT_GB_11
index_9nt_152,agtcatcta,AT_VM_04
index_10nt_600,tcagcgtacc,AT_VM_12
index_9nt_153,gcctctcta,AT_DC_05
index_9nt_154,tgcattcta,AT_DC_13
index_10nt_606,cagataagcc,AT_FR_06
index_9nt_155,aaggttcta,AT_FR_14
index_10nt_610,ccttctagcc,AT_AS_07
index_9nt_156,ccttccgta,AT_AS_15
index_10nt_615,tctcgccgcc,AT_SS_08
index_9nt_157,atagaggta,AT_SC_11
index_10nt_622,ccaggtcgcc,AT_GB_04
index_9nt_158,cagtaggta,AT_GB_12
index_10nt_623,taacttcgcc,AT_VM_05
index_9nt_159,cgctactta,AT_VM_13
index_10nt_631,ttctctggcc,AT_DC_06
index_9nt_160,attcgctta,AT_DC_14
index_10nt_632,gctgactgcc,AT_FR_07
index_9nt_161,accatctta,AT_FR_15
index_10nt_633,ctctactgcc,AT_AS_08
index_9nt_162,aagaggtta,AT_SS_01
index_10nt_634,aattcctgcc,AT_SS_09
index_9nt_163,ggttggtta,AT_SC_12
index_10nt_635,agagtctgcc,AT_GB_05
index_9nt_164,gcgaccaac,AT_GB_13
index_10nt_637,tgcgattgcc,AT_VM_06
index_9nt_165,ttacgcaac,AT_VM_14
index_10nt_639,tctgccatcc,AT_DC_07
index_9nt_166,gactgcaac,AT_DC_15
index_10nt_641,ctgctcatcc,AT_FR_08
index_10nt_643,agattgatcc,AT_AS_01
index_9nt_168,cgtaagaac,AT_AS_09
index_10nt_645,aatattatcc,AT_SS_02
index_9nt_169,gtcgagaac,AT_SS_10
index_10nt_646,atggaactcc,AT_SC_13
index_9nt_170,caaccgaac,AT_GB_06
index_10nt_647,taataactcc,AT_GB_14
index_9nt_171,atgaggaac,AT_VM_07
index_10nt_650,tggcggctcc,AT_VM_15
index_9nt_172,gctctgaac,AT_DC_08
index_10nt_651,cgcagtctcc,AT_FR_01
index_9nt_173,tgattgaac,AT_FR_09
index_9nt_174,acggataac,AT_AS_02
index_10nt_655,taggcggtcc,AT_AS_10
index_9nt_175,tggcctaac,AT_SS_03
index_10nt_656,gacttggtcc,AT_SS_11
index_9nt_176,cttgctaac,AT_SC_14
index_10nt_658,gtattattcc,AT_GB_07
index_9nt_177,ccaattaac,AT_GB_15
index_10nt_659,tgcttcttcc,AT_VM_08
index_9nt_178,ctataagac,AT_DC_01
index_10nt_661,gtcgcgttcc,AT_DC_09
index_9nt_179,tctccagac,AT_FR_02
index_10nt_662,gttcgcaagc,AT_FR_10
index_9nt_180,accggagac,AT_AS_03
index_10nt_663,ccattcaagc,AT_AS_11
index_9nt_181,gttatagac,AT_SS_04
index_10nt_666,cgcaataagc,AT_SS_12
index_9nt_182,agtcgcgac,AT_SS_13
index_10nt_667,gaggctaagc,AT_AH_06
index_9nt_183,ctcctcgac,AT_AH_14
index_10nt_668,agacgtaagc,AT_LV_07
index_9nt_184,acgttcgac,AT_LV_15
index_10nt_669,ggtccgcagc,AT_PL_08
index_9nt_185,gattaggac,AT_EW_01
index_10nt_670,actaggcagc,AT_EW_09
index_9nt_186,ttagcggac,CD_PT_1
index_10nt_675,tggctagagc,CD_PT_9
index_9nt_187,agctcggac,AT_BM_6
index_10nt_676,gatgacgagc,AT_BM_14
index_9nt_188,tagctggac,AT_SS_14
index_10nt_679,aggacggagc,AT_AH_07
index_9nt_189,gaggctgac,AT_AH_15
index_10nt_685,gcatggtagc,AT_LV_08
index_9nt_190,agagttgac,AT_PL_01
index_10nt_692,gtctagacgc,AT_PL_09
index_9nt_191,tgcagatac,AT_EW_02
index_10nt_694,tatctgacgc,AT_EW_10
index_9nt_192,gaagtatac,CD_PT_2
index_10nt_696,tgcggtacgc,CD_PT_10
index_9nt_193,cgagcctac,AT_BM_7
index_10nt_702,ttgaagccgc,AT_BM_15
index_9nt_194,cctagctac,AT_SS_15
index_10nt_710,ccggcagcgc,AT_AH_08
index_9nt_195,aggcagtac,AT_LV_01
index_10nt_712,agcaacgcgc,AT_LV_09
index_9nt_196,ttgaattac,AT_PL_02
index_10nt_713,gcaaccgcgc,AT_PL_10
index_9nt_197,taatcttac,AT_EW_03
index_10nt_717,gaatatgcgc,AT_EW_11
index_9nt_198,atccgttac,CD_PT_3
index_10nt_724,tacgcgtcgc,CD_PT_11
index_9nt_199,aagccaacc,AT_BM_8
index_10nt_725,acgtcttcgc,AT_BM_16
index_9nt_200,ccttcaacc,AT_AH_01
index_10nt_726,catggttcgc,AT_AH_09
index_9nt_201,cgaagaacc,AT_LV_02
index_10nt_727,ttacgaaggc,AT_LV_10
index_9nt_202,attggaacc,AT_PL_03
index_10nt_730,gaagtcaggc,AT_PL_11
index_9nt_203,tatataacc,AT_EW_04
index_10nt_734,atccgccggc,AT_EW_12
index_9nt_204,gtattaacc,CD_PT_4
index_10nt_735,catatccggc,AT_BM_1
index_9nt_205,accgcgacc,AT_BM_9
index_10nt_736,tatgagcggc,AT_BM_17
index_9nt_206,atcaatacc,AT_AH_02
index_10nt_738,gcctctcggc,AT_AH_10
index_9nt_207,agatctacc,AT_LV_03
index_10nt_739,cgaagatggc,AT_LV_11
index_9nt_208,gagagtacc,AT_PL_04
index_10nt_740,ggagcttggc,AT_PL_12
index_9nt_209,ttggttacc,AT_EW_05
index_10nt_743,gcgcggatgc,AT_EW_13
index_10nt_744,ttgattatgc,CD_PT_5
index_9nt_211,gcgtaagcc,AT_BM_2
index_10nt_745,gcgttactgc,AT_BM_10
index_9nt_212,catcgagcc,AT_BM_18
index_10nt_747,ggtagcctgc,AT_AH_03
index_9nt_213,aaggacgcc,AT_AH_11
index_10nt_748,ttagcgctgc,AT_LV_04
index_9nt_214,ggaaccgcc,AT_LV_12
index_10nt_749,catcctctgc,AT_PL_05
index_9nt_215,ctgaaggcc,AT_PL_13
index_10nt_751,aaccaattgc,AT_EW_06
index_9nt_216,gccatggcc,AT_EW_14
index_10nt_752,gattcattgc,CD_PT_6
index_9nt_217,cgactggcc,AT_BM_3
index_10nt_753,atctccttgc,AT_BM_11
index_10nt_754,tcaagcttgc,AT_AH_04
index_9nt_219,ggtccatcc,AT_AH_12
index_10nt_756,atgaggttgc,AT_LV_05
index_9nt_220,acgatatcc,AT_LV_13
index_10nt_758,tggtccaatc,AT_PL_06
index_9nt_221,gttaactcc,AT_PL_14
index_10nt_765,gagaatcatc,AT_EW_07
index_9nt_222,atctcctcc,AT_EW_15
index_10nt_768,ctcctagatc,CD_PT_7
index_9nt_223,gaacgctcc,AT_BM_4
index_10nt_769,tcttacgatc,AT_BM_12
index_9nt_225,cggttctcc,AT_AH_05
index_10nt_773,tattgatatc,AT_AH_13
index_9nt_226,caagagtcc,AT_LV_06
index_10nt_774,ggcatatatc,AT_LV_14
index_9nt_227,ccgccgtcc,AT_PL_07
index_10nt_776,acttcgtatc,AT_PL_15
index_9nt_228,tcaaggtcc,AT_EW_08
index_9nt_229,cgccattcc,CD_PT_8
index_10nt_784,ttatatactc,AT_BM_5
index_9nt_230,ctaacttcc,AT_BM_13
index_10nt_788,tccggacctc,PA_AL_0001
index_9nt_232,tcctgaagc,PA_AL_0002
index_10nt_791,aggctgcctc,PA_AL_0003
index_9nt_233,ggtagcagc,PA_AL_0004
index_10nt_793,ccaattcctc,PA_AL_0005
index_9nt_234,cagcgcagc,PA_AL_0006
index_10nt_800,cataatgctc,PA_AL_0007
index_9nt_235,attctcagc,PA_AL_0008
index_10nt_801,gtacttgctc,PA_AL_0009
index_9nt_236,gcagtcagc,PA_AL_0010
index_10nt_802,ttaccatctc,PA_AH_0011
index_9nt_237,agagagagc,PA_AH_0012
index_10nt_803,acgatatctc,PA_AH_0013
index_9nt_238,gtaacgagc,PA_AH_0014
index_10nt_805,taccgctctc,PA_AH_0015
index_9nt_239,ccgttgagc,PA_AH_0016
index_10nt_806,gtatgctctc,PA_AH_0017
index_9nt_240,gaccatagc,PA_AH_0018
index_10nt_808,gagaggtctc,PA_AH_0019
index_9nt_241,cctcaacgc,PA_AH_0020
index_10nt_812,tctacgagtc,PA_LS_0021
index_9nt_242,atggaacgc,PA_LS_0022
index_10nt_817,gaaccgcgtc,PA_LS_0023
index_9nt_243,gaataacgc,PA_LS_0024
index_10nt_819,ttggctcgtc,PA_LS_0025
index_9nt_244,ggccgacgc,PA_LS_0026
index_10nt_822,tatcctggtc,PA_LS_0027
index_9nt_245,atcagccgc,PA_LS_0028
index_10nt_824,gtcgtaattc,PA_LS_0029
index_9nt_246,ccatgccgc,PA_LS_0030
index_10nt_830,cgattccttc,PA_LS_0031
index_9nt_247,aagacgcgc,PA_LS_0032
index_10nt_831,gctaagcttc,PA_LS_0033
index_9nt_248,ttctcgcgc,PA_LS_0034
index_10nt_832,ctctggcttc,PA_LS_0035
index_9nt_249,cttatgcgc,PA_LS_0036
index_10nt_833,tacctgcttc,PA_LS_0037
index_9nt_250,gcgaatcgc,PA_LS_0038
index_10nt_835,tccatagttc,PA_LS_0039
index_9nt_251,cgacctcgc,PA_LS_0040
index_10nt_837,cctctcgttc,PA_LS_0041
index_9nt_252,actggtcgc,PA_LS_0042
index_10nt_838,ttatgccaag,PA_LS_0043
index_9nt_253,gtcgttcgc,PA_LS_0044
index_10nt_839,atcctccaag,PA_LS_0045
index_9nt_254,cgcgaaggc,PA_PF_0046
index_10nt_840,gcgttccaag,PA_PF_0047
index_9nt_255,aacctaggc,PA_PF_0048
index_10nt_841,gaggcgcaag,PA_PF_0049
index_9nt_256,cataccggc,PA_PF_0050
index_10nt_842,acgcggcaag,PA_PF_0051
index_9nt_257,gcctccggc,PA_PF_0052
index_10nt_843,cgctggcaag,PA_PF_0053
index_9nt_258,ttgatcggc,PA_PF_0054
index_10nt_844,ggatctcaag,PA_PF_0055
index_9nt_259,gttcctggc,PA_PF_0056
index_10nt_845,caaggtcaag,PA_PF_0057
index_9nt_260,caggcatgc,PA_PF_0058
index_10nt_846,ctatcagaag,PA_PF_0059
index_9nt_261,ctacgatgc,PA_PF_0060
index_10nt_847,ggtagcgaag,PA_PF_0061
index_9nt_262,accgactgc,PA_PF_0062
index_10nt_848,agtccggaag,PA_PF_0063
index_9nt_263,aattgctgc,PA_PF_0064
index_10nt_849,accaatgaag,PA_PF_0065
index_9nt_264,ggttattgc,PA_LA_0066
index_10nt_850,gtagatgaag,PA_LA_0067
index_9nt_265,tgcgcttgc,PA_LA_0068
index_9nt_266,acttagatc,PA_LA_0069
index_10nt_852,gtcggctaag,PA_LA_0070
index_9nt_267,ctgcatatc,PA_LA_0071
index_10nt_853,atggagtaag,PA_LA_0072
index_9nt_268,tctagtatc,PA_LA_0073
index_10nt_854,cgagcgtaag,PA_LA_0074
index_9nt_269,acgcgactc,PA_LA_0075
index_10nt_856,aattagccag,PA_LA_0076
index_9nt_270,gatggactc,PA_LA_0077
index_10nt_857,cctatgccag,PA_SB_0078
index_9nt_271,gcaatactc,PA_SB_0079
index_10nt_858,gcgcatccag,PA_SB_0080
index_9nt_272,agcgtactc,PA_SB_0081
index_10nt_861,atcatagcag,PA_SB_0082
index_10nt_866,gacgttgcag,PA_SB_0083
index_9nt_274,gtagacctc,PA_SB_0084
index_10nt_867,gagtaatcag,PA_SB_0085
index_9nt_275,cgatagctc,PA_SB_0086
index_10nt_868,gcagcctcag,PA_SB_0087
index_9nt_276,ataccgctc,PA_SB_0088
index_10nt_873,gcgagcagag,PA_OC_0089
index_9nt_277,gcggcgctc,PA_OC_0090
index_10nt_874,cttgagagag,PA_OC_0091
index_9nt_278,aactggctc,PA_OC_0092
index_10nt_876,catagtagag,PA_OC_0093
index_9nt_279,ccagcagtc,PA_OC_0094
index_10nt_887,aactgatgag,PA_OC_0095
index_9nt_280,ctcagagtc,PA_OC_0096
index_10nt_889,tgatattgag,PA_OC_0097
index_9nt_281,ggatgagtc,PA_OC_0098
index_10nt_892,ttccggatag,PA_OC_0099
index_9nt_282,ggccaggtc,PA_OC_0100
index_10nt_895,ccgtaactag,PA_OC_0101
index_9nt_283,aggatggtc,PA_SH_0102
index_10nt_899,tctggtctag,PA_SH_0103
index_9nt_284,gagcaattc,PA_SH_0104
index_10nt_902,ccaagcgtag,PA_SH_0105
index_9nt_285,gtcgcattc,PA_SH_0106
index_10nt_903,caggaggtag,PA_SH_0107
index_9nt_286,atggtcttc,PA_SH_0108
index_10nt_906,catatattag,PA_SH_0109
index_9nt_287,cattcgttc,PA_SH_0110
index_10nt_908,tcgctcttag,PA_SH_0111
index_9nt_288,atagtcaag,PA_SH_0112
index_10nt_909,cgcgccaacg,PA_SH_0113
index_10nt_910,gcatgcaacg,PA_SH_0114
index_9nt_290,gtatctaag,PA_SH_0115
index_10nt_911,gttgcgaacg,PA_SH_0116
index_9nt_291,catcgtaag,PA_SH_0117
index_10nt_912,gagcggaacg,PA_SH_0118
index_9nt_292,cgcgttaag,PA_SL_0119
index_10nt_925,agtacctacg,PA_SL_0120
index_9nt_293,gatatccag,PA_ST_0121
index_10nt_926,gcctagtacg,PA_ST_0122
index_9nt_294,agatggcag,PA_ST_0123
index_10nt_934,caagcagccg,PA_ST_0124
index_9nt_295,ctcaatcag,PA_ST_0125
index_10nt_936,ggtatggccg,PA_ST_0126
index_9nt_296,atgcttcag,PA_BS_0127
index_10nt_937,attaatgccg,PA_BS_0128
index_9nt_297,ccggtagag,PA_BS_0129
index_10nt_938,ccggatgccg,PA_BS_0130
index_9nt_298,atcttagag,PA_BS_0131
index_10nt_939,gcgcgctccg,PA_BS_0132
index_10nt_942,caactctccg,PA_BS_0133
index_9nt_300,gcgcaggag,PA_BS_0134
index_10nt_943,gatgagtccg,PA_BS_0135
index_9nt_301,cagacggag,PA_BS_0136
index_10nt_946,tacggttccg,PA_BS_0137
index_9nt_302,actattgag,PA_BS_0138
index_10nt_947,aggtcaagcg,PA_BS_0139
index_9nt_303,attgcatag,PA_YA_0140
index_10nt_953,aagctccgcg,PA_YA_0141
index_9nt_304,cgccgctag,PA_YA_0142
index_10nt_955,cagactcgcg,PA_YA_0143
index_9nt_305,tacgcgtag,PA_YA_0144
index_10nt_956,ggaattcgcg,PA_YA_0145
index_9nt_306,gttcggtag,PA_YA_0146
index_10nt_957,ttcgttcgcg,PA_YA_0147
index_9nt_307,tcagattag,PA_YA_0148
index_10nt_959,gcgtctggcg,PA_YA_0149
index_9nt_308,cggtattag,PA_YA_0150
index_10nt_960,cctattggcg,PA_YA_0151
index_9nt_309,gcggcaacg,PA_YA_0152
index_10nt_964,ggtctctgcg,PA_YA_0153
index_9nt_310,cttctaacg,PA_YA_0154
index_10nt_965,gttacttgcg,PA_YA_0155
index_9nt_311,atggagacg,PA_YA_0156
index_10nt_966,aatcgttgcg,PA_YA_0157
index_9nt_312,ggatagacg,PA_YA_0158
index_10nt_968,catcatatcg,PA_YA_0159
index_9nt_313,ttcaggacg,PA_YB_0160
index_10nt_969,aacggactcg,PA_YB_0161
index_9nt_314,agtatgacg,PA_YB_0162
index_10nt_970,cgcgagctcg,PA_YB_0163
index_9nt_315,atacgtacg,PA_YB_0164
index_10nt_972,ctattgctcg,PA_YB_0165
index_9nt_316,cgagaaccg,PA_YB_0166
index_10nt_973,aggcctctcg,PA_YB_0167
index_9nt_317,aatagaccg,PA_YB_0168
index_10nt_976,tgcgcagtcg,PA_YB_0169
index_9nt_318,gcatgaccg,PA_YB_0170
index_10nt_977,tatcgagtcg,PA_YB_0171
index_9nt_319,gacgtaccg,PA_YB_0172
index_10nt_978,ctgatagtcg,PA_YB_0173
index_9nt_320,caatcgccg,PA_YB_0174
index_10nt_979,gcagaggtcg,PA_YB_0175
index_9nt_321,aggaatccg,PA_YB_0176
index_10nt_980,gagctattcg,PA_YB_0177
index_9nt_322,ctggctccg,PA_YB_0178
index_10nt_983,agctgcaagg,PA_CG_0901
index_9nt_323,ggacttccg,PA_CG_0902
index_10nt_984,cggctcaagg,PA_CG_0903
index_9nt_324,cgcatagcg,PA_CG_0904
index_10nt_985,cgatagaagg,PA_CG_0905
index_9nt_325,gttgccgcg,PA_CG_0906
index_10nt_986,ttggataagg,PA_CG_0907
index_9nt_326,acctgcgcg,PA_CG_0908
index_10nt_987,gcaattaagg,PA_CG_0909
index_9nt_327,cagctcgcg,PA_CG_0910
index_10nt_990,tccaagcagg,PA_CG_0911
index_9nt_328,ggcgatgcg,PA_CG_0912
index_10nt_994,tgaatggagg,PA_CG_0913
index_9nt_329,ctctaatcg,PA_CG_0914